batch,first_id,last_id,num_instances,num_constraints_total,num_constraints,num_date_vars,anchor_frac,multi_field_periods,mixed_sign_periods,max_period_years,max_period_months,max_period_days,max_chain_len,disjunctions,literal_spread,near_month_end_prob
1,grammar-1,grammar-5,5,40,8,7,1%,False,False,100,24,1000,2,True,3652059,17%
2,grammar-6,grammar-10,5,45,9,1,25%,True,False,1,11,365000,0,True,365,100%
3,grammar-11,grammar-15,5,30,6,10,0%,False,False,10,0,365000,5,False,3650,8%
4,grammar-16,grammar-20,5,30,5,6,20%,True,True,1000,0,365000,4,True,365,75%
5,grammar-21,grammar-25,5,40,8,2,11%,False,False,1000,0,1000,4,False,30,45%
6,grammar-26,grammar-30,5,40,6,10,23%,False,False,100,0,365000,3,True,3650,33%
7,grammar-31,grammar-35,5,40,8,5,9%,True,False,1,24,1000,0,True,30,14%
8,grammar-36,grammar-40,5,25,5,5,14%,False,False,100,12000,365000,0,False,36500,95%
9,grammar-41,grammar-45,5,25,5,7,2%,False,True,10,0,30,3,False,36500,64%
10,grammar-46,grammar-50,5,45,9,3,16%,True,False,1,11,365,5,True,3652059,0%
11,grammar-51,grammar-55,5,25,5,3,20%,False,True,100,11,30,3,True,3652059,25%
12,grammar-56,grammar-60,5,25,5,6,5%,True,True,0,0,365000,1,False,365,70%
13,grammar-61,grammar-65,5,45,8,7,19%,False,True,0,24,365,0,False,36500,0%
14,grammar-66,grammar-70,5,40,8,3,3%,False,False,1000,12000,365000,2,True,3650,68%
15,grammar-71,grammar-75,5,45,9,5,2%,True,False,100,12000,365,4,False,30,75%
16,grammar-76,grammar-80,5,55,10,5,22%,False,True,100,11,365,3,True,30,8%
17,grammar-81,grammar-85,5,55,10,9,17%,True,True,100,12000,0,1,False,30,98%
18,grammar-86,grammar-90,5,45,9,6,5%,True,True,100,12000,365000,2,False,36500,8%
19,grammar-91,grammar-95,5,50,10,3,13%,False,True,0,0,30,2,False,365,9%
20,grammar-96,grammar-100,5,50,9,5,23%,False,False,10,0,365000,1,True,3650,40%
21,grammar-101,grammar-105,5,30,6,1,1%,True,False,100,12000,0,0,True,3650,32%
22,grammar-106,grammar-110,5,25,5,6,13%,False,True,10,0,365,0,False,3652059,89%
23,grammar-111,grammar-115,5,45,9,1,1%,False,True,1000,0,0,1,False,30,74%
24,grammar-116,grammar-120,5,35,7,7,13%,False,False,100,12000,365000,5,False,3652059,62%
25,grammar-121,grammar-125,5,50,10,1,14%,False,False,1,24,1000,3,False,3652059,24%
26,grammar-126,grammar-130,5,45,9,3,3%,True,False,10,0,365,3,False,3652059,70%
27,grammar-131,grammar-135,5,30,6,3,0%,False,False,1000,11,30,3,True,365,10%
28,grammar-136,grammar-140,5,25,5,2,17%,True,True,10,24,1000,4,False,3650,0%
29,grammar-141,grammar-145,5,35,7,8,8%,True,False,1000,0,1000,4,False,3652059,42%
30,grammar-146,grammar-150,5,50,10,1,25%,False,True,0,11,365,4,False,36500,3%
31,grammar-151,grammar-155,5,45,9,7,5%,True,False,1000,11,365000,1,False,3652059,86%
32,grammar-156,grammar-160,5,25,5,3,4%,True,True,1,0,365,0,False,3652059,80%
33,grammar-161,grammar-165,5,35,6,6,17%,False,True,1,11,0,4,False,3650,97%
34,grammar-166,grammar-170,5,35,7,1,23%,True,False,10,0,365,0,True,30,14%
35,grammar-171,grammar-175,5,30,6,2,13%,False,True,1,24,1000,1,True,3650,63%
36,grammar-176,grammar-180,5,50,9,9,15%,False,True,100,12000,365,5,False,3650,39%
37,grammar-181,grammar-185,5,50,8,9,23%,True,False,0,11,365000,2,False,365,8%
38,grammar-186,grammar-190,5,30,6,4,14%,True,True,10,11,1000,2,False,36500,6%
39,grammar-191,grammar-195,5,30,5,6,20%,True,False,0,0,365,5,False,365,43%
40,grammar-196,grammar-200,5,40,7,6,23%,False,True,1000,12000,365,3,True,3652059,97%
41,grammar-201,grammar-205,5,55,10,10,17%,True,True,100,0,0,0,True,30,10%
42,grammar-206,grammar-210,5,55,10,10,17%,True,True,10,11,365000,1,True,3652059,87%
43,grammar-211,grammar-215,5,40,7,6,23%,False,False,0,24,365,1,False,3650,48%
44,grammar-216,grammar-220,5,35,7,6,10%,False,False,10,0,365000,4,False,36500,97%
45,grammar-221,grammar-225,5,50,9,9,12%,False,False,0,12000,30,1,False,3650,87%
46,grammar-226,grammar-230,5,30,5,8,18%,False,True,1,11,0,3,True,36500,47%
47,grammar-231,grammar-235,5,35,6,7,17%,False,True,1000,24,365000,3,True,3652059,41%
48,grammar-236,grammar-240,5,30,6,2,12%,True,False,1,0,0,4,True,365,83%
49,grammar-241,grammar-245,5,45,8,5,24%,True,True,10,0,365,4,False,3652059,25%
50,grammar-246,grammar-250,5,35,6,7,24%,True,True,0,24,365000,0,False,36500,23%
51,grammar-251,grammar-255,5,50,8,9,23%,True,True,1000,11,30,1,True,36500,70%
52,grammar-256,grammar-260,5,50,10,1,1%,False,True,100,24,30,3,False,36500,72%
53,grammar-261,grammar-265,5,25,5,10,7%,True,True,0,12000,365,2,False,3652059,63%
54,grammar-266,grammar-270,5,35,7,4,3%,False,True,1000,0,365,5,False,36500,28%
55,grammar-271,grammar-275,5,35,7,2,23%,False,False,1,12000,1000,0,True,3650,38%
56,grammar-276,grammar-280,5,45,8,4,25%,True,True,1,0,0,3,False,3650,79%
57,grammar-281,grammar-285,5,50,10,6,4%,False,False,100,12000,365000,0,True,3652059,43%
58,grammar-286,grammar-290,5,50,10,7,3%,True,True,1000,0,30,3,False,365,11%
59,grammar-291,grammar-295,5,45,9,6,14%,True,True,1000,0,1000,1,False,3650,77%
60,grammar-296,grammar-300,5,45,9,2,4%,False,True,1000,24,0,2,True,3650,8%
61,grammar-301,grammar-305,5,50,10,2,12%,True,True,0,12000,365000,4,True,36500,66%
62,grammar-306,grammar-310,5,40,8,2,18%,False,True,0,24,365000,3,True,3650,13%
63,grammar-311,grammar-315,5,30,6,1,18%,False,True,0,12000,365000,3,True,3652059,35%
64,grammar-316,grammar-320,5,50,9,8,19%,True,True,1000,12000,365,1,False,365,57%
65,grammar-321,grammar-325,5,30,6,3,20%,True,True,10,0,0,2,True,3650,1%
66,grammar-326,grammar-330,5,50,10,1,12%,False,True,10,0,30,1,True,36500,11%
67,grammar-331,grammar-335,5,40,6,10,24%,True,False,100,12000,30,3,False,36500,34%
68,grammar-336,grammar-340,5,30,6,10,6%,False,False,100,12000,0,2,False,36500,33%
69,grammar-341,grammar-345,5,45,9,4,18%,False,True,10,12000,0,1,True,3650,1%
70,grammar-346,grammar-350,5,35,7,3,15%,False,False,1000,11,1000,0,True,365,43%
71,grammar-351,grammar-355,5,25,5,9,3%,True,False,1,11,365,2,True,36500,20%
72,grammar-356,grammar-360,5,35,6,10,19%,False,False,1000,0,30,5,False,3652059,5%
73,grammar-361,grammar-365,5,40,8,2,16%,True,True,10,12000,365000,1,False,3650,52%
74,grammar-366,grammar-370,5,45,9,3,10%,False,False,1,11,30,1,True,365,39%
75,grammar-371,grammar-375,5,25,5,3,18%,False,True,100,11,365000,1,True,36500,20%
76,grammar-376,grammar-380,5,25,5,1,5%,True,True,0,12000,30,3,False,365,51%
77,grammar-381,grammar-385,5,35,7,5,17%,False,True,1,24,0,3,False,36500,72%
78,grammar-386,grammar-390,5,50,10,5,12%,False,False,10,0,0,4,True,365,98%
79,grammar-391,grammar-395,5,35,7,5,9%,False,True,10,12000,0,1,False,36500,13%
80,grammar-396,grammar-400,5,40,8,1,10%,False,True,100,12000,0,1,False,365,20%
81,grammar-401,grammar-405,5,40,7,7,23%,True,False,1000,0,30,0,False,3652059,70%
82,grammar-406,grammar-410,5,35,7,2,25%,True,False,100,12000,1000,1,True,36500,58%
83,grammar-411,grammar-415,5,25,5,10,8%,True,True,0,11,365000,1,True,3652059,53%
84,grammar-416,grammar-420,5,25,5,3,19%,True,False,100,12000,30,1,False,36500,95%
85,grammar-421,grammar-425,5,45,9,1,4%,False,False,100,0,30,0,False,365,46%
86,grammar-426,grammar-430,5,40,8,1,8%,False,True,1,11,30,3,False,3650,39%
87,grammar-431,grammar-435,5,35,7,4,9%,True,True,1,0,365000,4,False,3650,93%
88,grammar-436,grammar-440,5,35,6,9,21%,True,True,100,12000,365,4,True,36500,59%
89,grammar-441,grammar-445,5,45,9,7,14%,False,False,10,24,1000,4,False,36500,82%
90,grammar-446,grammar-450,5,30,6,8,6%,False,True,0,12000,30,3,True,3652059,68%
91,grammar-451,grammar-455,5,40,8,5,6%,False,False,100,24,365000,0,False,36500,47%
92,grammar-456,grammar-460,5,30,6,4,22%,False,True,10,0,1000,5,True,365,77%
93,grammar-461,grammar-465,5,35,7,1,18%,True,True,1000,11,30,2,False,3650,34%
94,grammar-466,grammar-470,5,60,10,10,21%,True,False,100,0,365000,1,True,36500,74%
95,grammar-471,grammar-475,5,35,7,1,1%,True,True,100,0,1000,1,False,36500,98%
96,grammar-476,grammar-480,5,35,7,5,11%,False,False,0,0,365000,0,True,30,74%
97,grammar-481,grammar-485,5,45,9,4,6%,True,False,0,24,365,4,False,3650,68%
98,grammar-486,grammar-490,5,25,5,7,14%,False,True,100,24,365000,5,False,365,5%
99,grammar-491,grammar-495,5,50,10,4,23%,False,False,100,0,0,2,False,30,86%
100,grammar-496,grammar-500,5,25,5,2,20%,False,False,0,0,1000,0,True,36500,51%
